Abbreviation,abvn
Above Average,AA
Above Ground Level,AGL
Automatic Grenade Launcher,AGL
Above mentioned,a/m
Above noted,a/n
above named,a/n
Above quoted,a/q
Above referred,a/r
Absent Without Leave,AWOL
Acclimatisation,acln
acclimatising,acln
Accommodation,accn
Account,acct
Accounted,acct
Accounting,acct
Accountant,acct
Acknowledge,ack
Acknowledged,ack
Acknowledgement,ack
Acquisition,aqn
Active Air Defence Measures,AADM
Addition,addn
Additional,addl
Addressed,addsd
Adjutant General’s,A
Administration,adm
administrative,adm
administratively,adm
Administrative Area,Adm A
Administrative Order,Adm O
Advance Dressing Station,ADS
Advance Landing Ground,ALG
Advantage,adv
Advantageous,adv
Advance,adv
Advanced,adv
Advanceing,adv
Aerodynamics,adym
After Mission Report,AMR
Afternoon,AN
Air Assault Operation,AAO
Airborne,AB
Airborne Warning and Control System,AWACS
Air Control Team,ACT
Aircraft,ac
Air Defence,AD
Air Defence Alert,ADA
Air Defence Operations Centre,ADOC
Air Headquarters,AHQ
Air Interdiction,AI
Air Raid,AR
Air Raid Precautions,ARP
Ammunition Replenishment Point,ARP
Aviation Reconnaissance Patrol,ARP
Air Support Operations Centre,ASOC
Air Support Signals Unit,ASSU
Air Supply,A Sup
Air to Air Missile,AAM
Air to Surface Missile,ASM
Air to Underwater Missile,AUM
Air Traffic Control,ATC
Airborne Observation Post,ABOP
Allocate,aloc
Allocateed,aloc
Allocateion,aloc
Allotment,almt
Allotted,altd
Allowance,allce
Alternate,altn
Alternately,altn
alternative,altn
Altitude,alt
Ambulance,amb
Amendment,amdt
Ammunition,ammo
Ammunition Point,AP
Armour Piercing,AP
Ammunition Replenishment Point,ARP
Air Raid Precautions,ARP
Aviation Reconnaissance Patrol,ARP
Amphibian,amph
Amphibious,amph
Amplitude Modulated,AM
Animal Transport,AT
Annex,anx
Annual Confidential Report,ACR
Annual Technical Inspection,ATI
Army Training Instructions,ATI
Anti-helicopter borne Operation,A hel op
Anti-personnel,A pers
Anti-Personnel Mine,APM
Anti-Tank,A tk
Anti-Tank Guided Missile,ATGM
Anti-Tank Mine,ATM
Anti-Terrorist Training,ATT
Anti-Terrorists Training,ATT
Appendix,appx
Apply,appl
Applied,appl
Application,appl
Appoint,appt
Appointed,appt
Appointment,appt
Appreciate,aprc
Appreciated,aprc
Appreciation,aprc
Approach,apch
Approached,apch
Approaching,apch
Approximate,approx
Approximately,approx
Approximation,approx
Area of Operation,AOO
Area of Responsibility,AOR
Armament,armt
Armed Forces,AF
Armed Forces Medical College,AFMC
Armed Forces Nursing Service,AFNS
Army Strategic Forces Command,ASFC
Armed Forces Strategic Command,AFSC
Armour,armr
Armour Piercing,AP
Ammunition Point,AP
Armoured,armd
Armoured Command Vehicle,ACV
Armoured Corps,AC
Armoured Fighting Vehicle,AFV
Armoured Personnel Carrier,APC
Armoured Recovery Vehicle,ARV
Armoured Vehicle Launched Bridge,AVLB
Army Air Defence,AAD
Army Air Defence Centre,AADC
Army Air Defence Corps,AADC
Army Air Transport Organisation,AATO
Army Aviation Corps,AAC
Army Dental Corps,ADC
Army Engineers Brigade Group,AEBG
Army Education Corps,AEC
Army Education Certificate,AEC
Army Hatf Training School,AHTS
Army Health Unit,AHU
Army High Altitude School,AHAS
Army Maintenance Area,AMA
Army Medical Corps,AMC
Army Officers’ Benevolent Fund,AOB Fund
Army Photographic Interpretation Section,APIS
Army Photographic Interpretation Unit,APIU
Army Post Office,APO
Army Public School & College System,APSACS
Army School of Music,ASM
Army School of Physical Training,ASPT
Army Service Corps,ASC
Army Standing Establishment Committee,ASEC
Army Subedar Major,ASM
Army Training Instructions,ATI
Annual Technical Inspection,ATI
Army Training Note,ATN
Arrive,arr
Arrived,arr
Arrival,arr
Arriving,arr
Arrange,arng
Arranged,arng
Arrangeing,arng
Arrangement,arng
Artillery,arty
Artillery Reconnaissance,arty R
Assault,aslt
Assaulted,aslt
Assaulting,aslt
Assault Across a Water Obstacle,AWO
Assembly,assy
Assembly Area,assy A
Assign,asg
Assigned,asg
Assigning,asg
Assignment,asg
Assist,asst
Assistance,asst
Assistant,asst
Assisted,asst
Assistant Chief Security Officer,ACSO
Assistant Crossing Control Officer,ACCO
Assistant Dispersal Control Officer,ADCO
As Soon as Possible,ASP
Attach,att
Attached,att
Attachment,att
Attack,attk
Attacked,attk
Attacker,attk
Attacking,attk
Attack Helicopter,AH
Attention,attn
Audit,audt
Audited,audt
Audition,audt
Authorise,auth
Authorised,auth
Authorisation,auth
Authority,auth
Automatic,auto
Automatically,auto
Automated Data Processing System,ADPS
Automatic Grenade Launchers,AGL
Above Ground Level,AGL
Auxiliary,aux
Available,aval
Average,avg
Aviation,avn
Aviation Reconnaissance Patrol,ARP
Air Raid Precautions,ARP
Ammunition Replenishment Point,ARP
Away On Duty,AOD
Azad Kashmir Regiment’s Battalion,AK
Azimuth,az
Background,bkgr
Backload,bkld
Backloaded,bkld
Backloading,bkld
Bailey Bridge,BB
Baktar Shikan,BS
Baktar Shikan Weapon System,BSWS
Balance,bal
Baloch Regiment’s Battalion,Baloch
e.g. 5 Baloch,Baloch
Bandsman,bdsm
bandsmen,bdsm
Barrack,bk
Base Ammunition Depot,BAD
Base Line Menu,BLM
Base of Fire,BOF
Base Ordnance Depot,BOD
Base Supply Depot,BSD
Base Workshop,B Wksp
Battalion,bn
Battalion Headquarters,BHQ
Battalion Routine Orders,BRO
Battery,bty
Battery Command Post,Bty CP
Battle Dress,BD
Bomb Disposal,BD
Battle Group,B gp
Battle Hand Over Line,BHOL
Battle Physical Training,BPT
Battle Position,BP
Bearing Picket,BP
Boundary Pillar,BP
Battlefield,B fd
Below Average,BA
Bench Mark,BM
Between,b/w
Beyond Economical Repair,BER
Beyond Local Repair,BLR
Biennial Evaluation of Combat Effectiveness,BECE
Binocular,bino
Biography,bio
Biographical,bio
Biological and Chemical Warfare,BCW
Biological Warfare,BW
Bivouac,biv
Blueland,BL
Bomb Line,BL
Break in Battle,B in B
Break out Battle,B out B
Boat Off Loading Point,BOLP
Bomb Disposal,BD
Battle Dress,BD
Bomb Line,BL
Blueland,BL
Bombing Report,bomrep
Border Defence Area,BDA
Border Out Post,BOP
Boundary,bdry
Branch,br
Bridge,br
Bridge Marshalling Harbour,BMH
Bridgehead,br H
Brigade,bde
Brigade Administrative Area,BAA
Building,bldg
Built Up Area,BUA
Bulk Breaking Point,BBP
Bulk Bowzer Based Fuel Supply System,B3FS2
Butchery,bchy
Calculate,calc
Calculated,calc
Calculation,calc
Calibrate,cal
Calibration,cal
Calibre,cal
Camouflage,cam
Camouflaged,cam
Camouflage Combat Dress,CCD
Canteen Stores Department,CSD
Cantonment,Cantt
Capability,cap
Care of,c/o
Carrier,Carr
Casual Leave,C/L
Casualty,cas
Casualties,cas
Casualty Car Post,CCP
Casualty Clearing Station,CCS
Casualty Return,CR
Corps Reserves,CR
Categorisation,cat
categorised,cat
category,cat
Cavalry,C
e.g. 11 C,C
Cease Fire Line,CFL
Centilitre,cl
Class,cl
Classification,cl
Classified,cl
Classify,cl
Central Command,CC
Centimetre,cm
Central Discussion,CD
Civil Defence,CD
Class Dicussion,CD
Compact Disc,CD
Central Mechanical Transport and Stores Depot,CMT&SD
Central Officers’ Record Office,CORO
Central Ordnance Depot,COD
Central Vehicle Depot,CVD
Centre Line,CL
Confinement to Lines,CL
Certificate,cert
Certified,cert
Certify,cert
Certified True Copy,CTC
Certified True Extract,CTE
Certificate Issue Voucher,CIV
Certificate Receipt Voucher,CRV
Change of Posture,COP
Character,char
characteristics,char
Check Post,CP
Command Post,CP
Contact Point,CP
Chemical Warfare,CW
Continuous Wave,CW
Chief Inspectorate of Armament,CIA
Chief Instructor,CI
Counter Intellignece,CI
Chief of Logistics Staff,CLS
Chief Security Officer,CSO
Civil,civ
Civilian,civ
Civil Affairs,CA
Current Affairs,CA
Civil Armed Forces,CAF
Civil Defence,CD
Central Discussion,CD
Class Discussion,CD
Compact Disc,CD
Civil General Transport Company,civ GT coy
Class Discussion,CD
Central Discussion,CD
Compact Disch,CD
Civil Defence,CD
Class,cl
ClassIfication,cl
Classified,cl
Classify,cl
Centilitre,cl
Clerk,clk
Close Air Support,CAS
Close Quarter Battle,CQB
Close Support,CS
Clothing,clo
College of Army Education,CAE
Colon (in messages only),CLN
Column,colm
Combat,cbt
Combat Group,Cbt gp
Combat Air Patrol,CAP
Company Aid Post,CAP
Combat Operation Centre,COC
Combat Zone,CZ
Combine,comb
Combined,comb
combination,comb
Combined Arms Team,CAT
Combined Military Hospital,CMH
Comma (in messages only),CMM
Command,comd
Commanded,comd
Commander,comd
Commanding,comd
Command Post Officer,CPO
Command Vehicle,CV
Concession Voucher,CV
Command Reserves,Cd R
Command and Staff College,C&SC
Command,C4I
Command,C4I2SR
Commander Corps Logistics,CC Log
Commander Division Logistics,CD Log
Commando,cdo
Commitment,cmt
commit,cmt
commited,cmt
commiting,cmt
Communicate,comm
Communicated,comm
communication,comm
Communication centre,comcen
Communication Intelligence,commint
Communication Zone,Comm Z
Company,coy
Company Headquarters,CHQ
Company Aid Post,CAP
Combat Air Patrol,CAP
Compassion,cmpn
Compassionate,cmpn
Compensate,compen
Compensation,compen
Compensation in Lieu of Bearer,CILB
Compensation In Lieu of Quarter,CILQ
Competent Financial Authority,CFA
Composite,comp
component,comp
Composite Battalion Group,CBG
Composition,composn
Compute,cpt
Computed,cpt
Computing,cpt
Computation,cpt
Computer,cptr
Concealment,clt
Concentrate,conc
Concentrated,conc
concentration,conc
Concentration Area,conc A
Concession Voucher,CV
Command Vehicle,CV
Conclude,concl
Concluded,concl
Conclusion,concl
Conclusive,concl
Conference,conf
Confidence,confd
Confidential,confd
Confidentiality,confd
Confinement to Lines,CL
Centre Line,CL
Confirm,cfm
Confirmation,cfm
Conjunction,conjunc
Consult,cslt
Consultant,cslt
Consultation,cslt
Consider,consd
Considered,consd
Considering,consd
Consideration,consd
Conservancy,consy
Construct,const
Constructed,const
Construction,const
Contact Point,CP
Check Post,CP
Command Post,CP
Contaminate,contam
Contaminated,contam
Contamination,contam
Contingency,ctgy
Continue,cont
Continued,cont
Continuation,cont
Continuous Wave,CW
Chemical Warfare,CW
Control,con
Controlled,con
Controling,con
Controller,con
Control and Reporting (as applied to air defence),C&R
Cook,ck
Cooked,ck
Cooking,ck
Cooker,ck
Convey,cvy
Conveyed,cvy
Conveying,cvy
Conveyance,cvy
Convoy,cny
Cooperate,coop
Cooperated,coop
Cooperation,coop
Cooperative,coop
Coordinate,coord
Coordinated,coord
Co-ordination,coord
Coordinating,coord
Coordinator,coord
Cordon and Search,C&S
Corps Administrative Area,CAA
Corps Reserves,CR
Casualty Return,CR
Corps Subedar Major,CSM
Corps of Artillery,Arty
Corps of Electrical and Mechanical Engineers,EME
Corps of Engineers,Engrs
Corps of Military Intelligence,CMI
Corps of Military Police,CMP
Corps of Signals,Sigs
Corps troops,C tps
Covering Troops,C tps
Correspondence,corres
Correction,orn
Corrigendum,corr
Counter,ctr
Counter-attack,C attk
Counter-Bombardment,CB
Counter-Intelligence,CI
Chief Instructure,CI
Counter penetration,C pen
Countersign,ctr sign
Countersigned,ctr sign
Countersigning,ctr sign
Countersignature,ctr sign
Counter Terrorism Course,CTC
Country,cty
Court of Inquiry,C of I
Craftsman,cfn
Craftsmen,cfn
Crossing,xing
Crossing Control Organisation,CCO
Crossing Control Officer,CCO
Cross country,X cty
Cross roads,X rds
Cubic,cu
Current Affairs,CA
Civil Affairs,CA
Cryptographic,crypto
Cryptographer,crypto
Daily Allowance,DA
Defence Attache,DA
Dispersal Area,DA
Daily Messing Allowance,DMA
Dangerously Ill,DI
Data Processing Cell,DPC
Data Processing Officer,DPO
Date of Birth,DOB
Date of Commission,DOC
Date of Enrolment,DOE
Date of Promotion,DOP
Date of Seniority,DOS
Decentralise,decen
Decentralised,decen
Decentralising,decen
Decentralisation,decen
Decontaminate,decontam
Decontaminated,decontam
Decontamination,decontam
Decrease,dec
Decreased,dec
Defence,def
Defend,def
Defended,def
Defensive,def
Defence Service Identity Card,DSIC
Defence Against Follow on Force Attack,DAFOFA
Defence Area,Def A
Defence Sector,Def S
Defence Zone,Def Z
Defence Attache,DA
Daily Allowance,DA
Dispersal Area,DA
Defensive Fire,DF
Direction Finding,DF
Defence Services Guard,DSG
Defence Services Officers’ Provident Fund,DSOP Fund
Deficient,dft
Degree,deg
Deliver,del
Delivered,del
Delivery,del
Delivery Point,DP
Demi-Official,DO
Demolish,dml
Demolished,dml
Demolition,dml
Demonstrate,demo
Demonstrated,demo
Demonstration,demo
Depart,dep
Departed,dep
Departure,dep
Depot,dep
Department,dept
Departmental,dept
Deploy,depl
Deployed,depl
Deployment,depl
Depot,dep
Depoted,dep
Depoture,dep
Deputy,dy
Desert Warfare,DW
Director of Works,DW
Desired Ground Zero,DGZ
Despatch,desp
Despatched,desp
Despatching,desp
Despatcher,desp
Despatch Rider,DR
Detach,det
Detached,det
Detachment,det
Develop,dev
Developed,dev
Development,dev
Diameter,dia
Diesel Fuel,DIESO
Diesel Oil,DIESO
Difference,diff
Different,diff
Digital Map,D map
Direct,dir
Directed,dir
Direction,dir
Directing,dir
Director,dir
Direct Support,DS
Direction Finding,DF
Defensive Fire,DF
Director of Works,DW
Desert Warfare,DW
Directorate,dte
Discharge,disch
Discharged,disch
Disposition,disposn
Disadvantage,disadv
Disadvantageous,disadv
Discipline,discp
Disciplined,discp
Disciplinary,discp
Dispersal Area,DA
Defence Attache,DA
Daily Allowance,DA
Dispersal Control Officer,DCO
Dispersal Control Organisation,DCO
Dispersal point,D pt
Distance,dist
District,dist
Distributary,disty
Distribute,distr
Distributed,distr
Distribution,distr
District,dist
Distance,dist
District Armed Services Board,DASB
District Court Martial,DCM
Ditch Cum Bund,DCB
Division,div
Divisional,div
Division Subedar Major,DSM
Divisional Administrative Area,DAA
Divisional Battle School,DBS
Document,docu
Documentary,docu
Documentation,docu
Double Ditch Cum Bund,DDCB
Draft For Approval,DFA
Draughtsman,dtmn
Draughtsmen,dtmn
Driver,dvr
Dropping Zone,DZ
Duplicate (d),dupl
Duplicating,dupl
Duplication,dupl
Ear,ENT
Earas applied to medicine,ENT
Early Offensive,EO
Early Warning,E wng
Early Warning Radar,EWR
Economic,eco
economist,eco
Education,edn
Effect,eff
Effected,eff
Effective,eff
Effectively,eff
Effectiveness,eff
Electrical and Mechanical Engineering Regulation,EMER
Electrical and Mechanical Engineers,EME
Electric,elec
Electrician,elec
Electricity,elec
Electronic Counter Countermeasures,ECCM
Electronic Countermeasures,ECM
Electronic Support Measures,ESM
Electronic Warfare,EW
Element,elm
Elements,elm
Elementary,elm
Embark,emb
Embarked,emb
Embarkation,emb
Employ,emp
Employed,emp
Employment,emp
Enclose,encl
Enclosed,encl
Enclosure,encl
Enemy,en
Engineer,engr
Engineer Construction Battalion,ECB
Engineer Report,engrep
Engineer Stores Depot,ESD
Engineer Support Plan,ESP
Enrol,enrl
Enrolled,enrl
Environment,envmt
Environmental,envmt
Equipment,eqpt
Equipment Collecting Point,ECP
Essential Elements of Information,EEI
Establish,estb
Established,estb
Establishment,estb
Estimate,est
Estimated,est
estimation,est
Estimated Time of Arrival,ETA
Estimated Time of Departure,ETD
Etcetera,etc
Evacuate,evac
Evacuated,evac
Evacuation,evac
Evaluate,eval
Evaluated,eval
Evaluation,eval
Evaluating,eval
Examination,exam
Examine,exam
Examined,exam
Exchange,exch
Exclude,excl
Excluded,excl
Excluding,excl
Exclusive,excl
Execute,exec
Executed,exec
Execution,exec
Executive,exec
Exercise,ex
Exercised,ex
Expedite,expd
Expedited,expd
Expense,exp
Expenses,exp
Expenditure,exp
Explode,expl
Exploded,expl
Explosion,expl
Explosive,expl
Explosive & Ordnance Disposal,EOD
Extension,extn
Extended,extn
Extending,extn
Extended Short Range Air Defence System,E-SHORADS
Extra Curricular Activities,ECA
Extra Regimental Employment,ERE
Facsimile,fax
Field,fd
Field General Court Martial,FGCM
Field Intelligence Unit,FIU
Field of Fire,F of F
Field Pay Office,FPO
Field Post Office,FPO
Field Security,FS
Field Service,FS
Field Service,FS
Field Security,FS
Field Service Marching Order,FSMO
Field Service Regulation,FSR
Field Transfusion Team,FTT
Fighter (aeroplane),F
Fighter Ground Attack,FGA
Fighting Echelon,F ech
Figure,fig
Financial Year,FY
Finance,fin
Finances,fin
Financial,fin
Financially,fin
Finish Point,FP
Firing Point,FP
Flank Protection,FP
Fire Control Equipment,FCE
Fire Control Instrument,FCI
Fire Control Order,FCO
Fire Control Radar,FCR
Fire for Effect,FFE
Fire Order,FO
Fire Order Line,FOL
Fire Support Plan,FSP
Firing Point,FP
Flank Protection,FP
Finish Point,FP
Firing Table,FT
Fixed Wing,FW
Frontier Warfare,FW
Flag Staff House,FSH
Flank,flk
Flanked,flk
Flanking,flk
Flank Protection,FP
Finish Point,FP
Firing Point,FP
Flight,flt
Follow,fol
Followed,fol
Following,fol
Follow in Zone,F in Z
Foot,ft
feet,ft
For Approval Please,FAP
For Example,e.g.
For Information Please,FIP
For Orders Please,FOP
Force Command Northern Area,FCNA
Forenoon,FN
Formation,fmn
Forming Up Place,FUP
Forward Ammunition Depot,FAD
Forward Area Arming and Refuelling Point,FAARP
Forward Army Air Defence Centre,FAADC
Forward Assembly Area,FAA
Forward Bridge Marshalling Harbour,FBMH
Forward Defended Locality,FDL
Forward Line of Own Troops,FLOT
Forward Looking Infra-Red Radar,FLIR
Forward Observation Base,FOB
Forward Raft Marshalling Harbour,FRMH
Frequency,freq
Frequency Modulated/Modulation,FM
Frontier Corps,FC
Frontier Force Regiment’s battalion,FF
Frontier Warfare,FW
Fixed Wing,FW
Frontier Works Organisation,FWO
Function,func
Functional,func
Gallon,gal
Garrison,gar
General,gen
Generally,gen
General Court Martial,GCM
General Duties,GD
General Headquarters,GHQ
General List,GL
General Staff (Branch),G (Br)
General Staff (Matters),G (Matters)
General Staff (Staff),G (Staff)
General Staff (Operations),G (Ops)
General Staff (Training),G (Trg)
General Staff,GS
General Staff Publication,GSP
General Staff Requirement,GSR
General Transport Company,GT coy
Geographic,geo
Geographically,geo
Geography,geo
Global Positioning System,GPS
Good Service pay,GS pay
Government,govt
Grade,grd
Graded,grd
Gradeing,grd
Grant,gt
Granted,gt
Granting,gt
Grenade,gren
Grenade Launcher Heavy Machine Gun,GLHMG
Grid Reference,GR
Ground,gr
Ground Controlled Interception (station),GCI
Ground Liaison Officer,GLO
Ground Liaison Section,GL sec
Ground Observer Team,GOT
Ground Zero,GZ
Group,gp
Grouped,gp
Grouping,gp
Guard,gd
Guarded,gd
Guarding,gd
Guerrilla Warfare,GW
Guided Missile,GM
Gun Fire,GF
Gun Fireing,GF
Gun Fire Area,GFA
Gun Missile Regiment,GM Regt
Gunner,gnr
Harassing Fire,HF
High Frequency,HF
Harbour,har
Harbour Area,HA
Head Clerk,HC
Head Works,HW
Heading,hdg
Headquarters,HQ
Heavy,hy
Heavy Anti-Tank battalion,HAT bn
Heavy Machine-Gun,HMG
Height,ht
Hide Out,HO
High Intensity Conflict,HIC
High To Medium Air Defence,HIMADS
Helicopter,hel
Helicopter borne,heliborne
Helicopter pad,helipad
High Explosive,HE
High Frequency,HF
Harassing Fire,HF
High Level,HL
High Value Target,HVT
History,hist
Historical,hist
Historically,hist
Honour,hon
Honourary,hon
Horse Power,HP
Hospital,hosp
Hospitalization,hosp
Hostile Battery,HB
Hot Photographic Interpretation Report,HOTPHOTO REP
Hour,hr
Hourly,hr
Hovering,hvg
Howitzer,how
Hundredweight,cwt
Human Resource Development Centre,HRDC
Hygiene,hyg
Hypothesis,H
Identity,ident
Identification,ident
Identified,ident
Identify,ident
Identity Card,ID Card
Identification Friend or Foe,IFF
Illuminate,ill
Illuminated,ill
Illumination,ill
Illuminating,ill
Immediate Photographic Interpretation Report,IPIR
Immediate,imed
Immediately,imed
Important,imp
Importance,imp
Improvised Explosive Device,IED
Improvised Explosive Device (Remote(ly) Controlled),RCIED
Improvised Explosive Devices (Remote(ly) Controlled),RCIED
Improvised Explosive Device (Vehicle Borne),VBIED
Improvised Explosive Devices (Vehicle Borne),VBIED
Inch,in
Incharge,IC
Internal Combustion,IC
Include,incl
Includes,incl
Included,incl
Including,incl
Inclusive,incl
Increase,inc
Increased,inc
Independent,indep
Independently,indep
Independent Ammunition Platoon,IAP
Independent Armoured Brigade Group,IABG
Independent Infantry Brigade Group,IIBG
Independent Mechanized Brigade Group,IMBG
Individual,indl
Individually,indl
Individual Exercise,IE
Individual Research Paper,IRP
Individual Running Ledger Account,IRLA
Infantry,inf
Infantry Fighting Vehicle,IFV
Infantry/Individual Reaction Course,IRC
Infiltrate,infil
Infiltrated,infil
Infiltrateing,infil
Infiltration,infil
Inform,info
Information,info
Informed,info
Information Operations,IO
Intelligence Officer,IO
Information Warfare,IW
Infra-Red,IR
In Respect Of,IRO
Inspect,insp
Inspected,insp
Inspecting,insp
Inspection,insp
Install,instl
Installed,instl
Installation,instl
Installment,instl
Insurgency,insur
Insurgent,insur
Instruct,instr
Instructed,instr
Instruction,instr
Instructor,instr
Instructor Pilot,IP
Instructional Practice,IP
Instrument,inst
Insurgent,insur
Insurgency,insur
Integrate,intg
Integration,intg
Integral,intg
Integrated Battle Group,IBG
Integrated Combat Group,ICG
Intelligence,int
Intelligence and Counter Bombardment,ICB
Intelligence Officer,IO
Information Operations,IO
Intelligence Quotient,IQ
Intelligence Report,intrep
Intelligence Summary,intsum
Intelligence Preparation of Battle Field,IPB
Intelligence,ISR
Intelligence,ISTAR
Intensive Care Unit,ICU
Intercommunication,intercom
Inter Services Intelligence,ISI
Inter Services Public Relations,ISPR
Inter Services Selection Board,ISSB
Inter Services Signal Unit,ISSU
Interdict,intd
Interdicted,intd
Interdicting,intd
Interdiction,intd
Intermediate,intmed
Internal Combustion,IC
Incharge of,IC
Internal Distribution,ID
Internal Office Note,ION
Internal Security,IS
International,intl
Internationally,intl
Interrogate,intr
Interrogated,intr
Interrogation,intr
Interrogator,intr
Introduce,intro
Introduced,intro
Introducing,intro
Introduction,intro
Issue Voucher,IV
Jamming report,jamrep
Joint,jt
Joint Air Attack Team,JAAT
Joint Operations,JO
Joint Operations Centre,JOC
Joint Operations Directorate,JO Dte
Joint Task Force Commander,JTFC
Joint Warfare,JW
Jungle Warfare,JW
Joint Interdiction Planning and Execution Cell,JIPEC
Judging Distance,JD
Junction,junc
Jungle Warfare,JW
Junior,jnr
Kerosene,K2
Killed In Action,KIA
Killing Ground,KG
Killing Zone,KZ
Kilogram,kg
Kilometre,km
Kilometres per hour,kmph
Kilometres per litre,kml
Kiloton,KT
Kilovolt Amperes,KVA
Kilowatt,KW
Know Your Enemy,KYE
Laboratory,lab
Labour,lab
Lady Officer,Ly O
Lancers,L
e.g. 6 L,L
Landing Ground,LG
Landing Strip,LS
Landing Zone,LZ
Landmark,landmk
Last Pay Certificate,LPC
Last Ration Certificate,LRC
Law Enforcing Agencies,LEAs
Leader,ldr
Leading,ldg
Leave Ration Allowance,LRA
Lecture,lec
Left,lt
Light,lt
Left Out of Battle,LOB
Letter,ltr
Level,lvl
Liaison Officer,LO
Light,lt
Left,lt
Light Aid Detachment,LAD
Light Air Defence,Lt AD
Light Anti Tank battalion,LAT bn
Light Commando Battalion,LCB
Light Machine Gun,LMG
Limit,ltd
Limited,ltd
Limitation,ltd
Line of Bomb Release,LBR
Line of Communications,L of C
Line of Control,LOC
Line of Weapon Release,LWR
Line Telegraphy,LT
Low Tension,LT
Line Shoot Down To,LSDT
Listening Post,LP
Local Purchase,LP
Litre,lit
Local Area Network,LAN
Local Purchase,LP
Listening Post,LP
Local Warning,L wng
Locate,loc
Located,loc
Locality,loc
Locating,loc
Location,loc
Location State,loc stat
Logistics,log
Logistics Requirement,log R
Logistic Support,LS
Low Intensity Conflict,LIC
Low Level Air Defence,LLAD
Low to Medium Air Defence System,LOMADS
Low Tension,LT
Line Telegraphy,LT
Machine-gun,MG
Magazine,mag
Magnetic,mag
Main Defensive Battle,MDB
Main Dressing Station,MDS
Main Supply Route,MSR
Maintain,maint
Maintained,maint
Maintenance,maint
Maintenance Area,MA
Mountain Artillery,MA
Major,maj
Management,mgmt
Manoeuvre,mnvr
Manual of Pakistan Military Law,MPML
Manufacture,mfr
Manufactured,mfr
Manufacturer,mfr
Manufacturing,mfr
Map Reading,MR
Mark,mk
Marked,mk
Married,md
Mathematical,math
Mathematics,math
Maximum,max
Meal Ready to Eat,MRE
Mean Point of Burst,mpb
Mean Point of Impact,mpi
Mechanic,mech
Mechanical,mech
Mechanized,mech
Mechanical Transport,MT
Megaton,MT
Mechanized,mech
Mechanic,mech
Mechanical,mech
Mechanized Infantry Battalion,MIB
Medical,med
Medium,med
Medical Inspection Room,MI Room
Medium,med
medical,med
Medium Air Defence,MAD
Medium Girder Bridge,MGB
Medium Intensity Conflict,MIC
Medium Anti-Tank,MAT
Medium Machine-gun,MMG
Megaton,MT
Mechanical Transport,MT
Memorandum,memo
Message,msg
Meteorological,met
Meteorology,met
Metre,M
Miles per hour,mph
Military,mil
Military College of Engineering,MCE
Military College of Signals,MCS
Military Engineering Service,MES
Military Forwarding Organisation,MFO
Military Hospital,MH
Military Intelligence,MI
Military Load Classification,MLC
Military Police,MP
Military Veterinary Hospital,MVH
Minefield,M fd
Mili Amperes,ma
Milligram,mg
Millimetre,mm
Minimum,min
Minute,min
Ministry of Defence,MoD
Miscellaneous,misc
Miscreant,msct
Missile,msl
Missing in Action,MIA
Mission,msn
Mission Report,MISREP
Mobile,mob
Mobility,mob
Mobilization,mob
Mobilize,mob
Mobile Ammunition Repair Section,MARS
Mobile Dental Unit,MDU
Mobile Laundry and Bath Company,MLBC
Mobile Surgical Team,MST
Mobile Repair Team,MRT
Model Discussion,MD
Monthly Security Intelligence Report,MSIR
Mortar,mor
Mortar Bombing Report,mortrep
Motor,mot
Motorized,mot
Motor Ambulance Company,MAC
Motor Cycle,MC
Mountain,mtn
Mountainous,mtn
Mountain Artillery,MA
Maintenance Area,MA
Mountain Warfare,MW
Mounted,mtd
Mounting,mtg
Move,mov
Moved,mov
Movement,mov
Movement Order,mov O
Moving Target Trolley system,MTTS
Mujahid,mjd
Multi Barrel Rocket Launcher,MBRL
Multiple Launch Rocket System,MLRS
Muzzle Velocity,MV
Nap of Earth,NOE
Narrative,narr
National Command Authority,NCA
National Command Centre,NCC
National Defence University,NDU
National Disaster Management Authority,NDMA
National Military Operation Centre,NMOC
National Guard,NG
National University of Modern Languages,NUML
National University of Science and Technology,NUST
National Voluntary Service,NVS
Nautical Mile,NM
Naval Headquarters,NHQ
Navigate,nav
Navigated,nav
Navigation,nav
Navigational,nav
Necessary,nec
Necessity,nec
Necessitate,nec
(d),nec
Negative,neg
Net Identification Sign,NIS
Net Centric Warfare,NCW
Neutralise,neut
Neutraliseed,neut
Neutraliseation,neut
Next of Kin,NOK
Night,ni
Night Vision Device,NVD
No Further Action,NFA
No Man’s Land,NML
No Move Before,NMB
Nomenclature,nomen
Non Combatant Bearer,NCB
Northern Command,NC
Northern Light Infantry,NLI
Not Applicable,NA
Not Available,NA
Not on Original,NOO
Note for Consideration,NFC
Nothing to Report,NTR
Nuclear,nuc
Nuclear,NBC
Nuclear,NBCD
Nuclear Warfare,NW
Nuclear Warhead,NWh
Nullah,N
Nadi,N
Nala,N
Number,no
Numbered,no
Objection,objn
Objective,obj
Observation,obsn
Observation Post,OP
Observe – Orintate – Decide – Act Cycle/Loop,OODA Cycle/Loop
Observer,obsr
Observer to Target (imaginary line),OT
Obstacle,obs
Obstacles,obs
Offence,offn
Offensive,offn
Offensive Air Support,offn
Office Automation System,OAS
Offensive Support,OS
Outstanding,OS
Ordnance Services,OS
Officer Supervisor,OS
Office Automation System,OAS
Offensive Air Support,OAS
Officer,offr
Officer Efficiency Index,OEI
Officer Evaluation Report,OER
Officers Evaluation Report,OER
Officer Supervisor,OS
Offensive Support,OS
Ordanance Services,OS
Outstanding,OS
Officiating,offg
One Time Process,OTP
One Time Pad,OTP
Operate,op
Operated,op
Operation,op
Operational,op
Operator,op
Operation Order,OO
Operations Other Than War,OOTW
Opposition,oppn
Order Group,O gp
Order of Battle,orbat
Order of March,OOM
Ordnance,ord
Ordnance Aviation Depot,OAD
Ordnance Depot,ordep
Ordnance Services,OS
Officer Supervisor,OS
Offensive Support,OS
Outstanding,OS
Organisation and Methods,O&M
Organise,org
Organised,org
Organisation,org
Ounce,oz
Out of Action,OA
Outstanding,OS
Officer Supervisor,OS
Offensive Support,OS
Ordnance Services,OS
Overhead Cover,OHC
Overhead Protection,OHP
Overstay Leave,OSL
Packing Material,PM
Pakistan Air Force,PAF
Pakistan Army Act,PAA
Pakistan Army Identity Card,PAID Card
Pakistan Army Order,PAO
Pro Active Operations,PAO
Pakistan Army Rifle Association,PARA
Pakistan Army Tactical Communication System,PATCOMS
Pakistan Army Technical Liaison Officer,PATLO
Pakistan Military Academy,PMA
Pakistan Navy,PN
Pakistan Railways,PR
Pakistan Rangers,PR
Paper Under Consideration,PUC
Parachute,para
Paragraph,para
Passive Air Defence,PAD
Passive Air Defence Measures,PADM
Patrol,ptl
Patrolled,ptl
Patrolling,ptl
Pay and Allowances,P&A
Peacekeeping Operation,PKO
Per day,pd
Period,pd
Penetrate,pen
Penetrated,pen
Penetration,pen
Per month,Pm
Personal Computer,PC
Post Commander,PC
Periodical Intelligence Report,perintrep
Personnel,pers
Petrol Point,PP
Petroleum,pet
Petroleum,POL
Petroleum Refilling Point,PRP
Phase,Ph
Phased,Ph
Phasing,Ph
Phase Line,PL
Photograph,photo
Photographer,photo
Photographic,photo
Photography,photo
Photographic Reconnaissance,ph R
Physical Efficiency Test,PET
Physical Training,PT
Physically,Phy
Pick Up Point,PUP
Pull Up Point,PUP
Picquet,pqt
Picqueted,pqt
Pioneer,pnr
Platoon,pl
Please,pl
Point,pt
Points Before,pts B
Points During,pts D
Points After,pts A
Position,posn
Post Office,PO
Pound,lb
Pounder,pr
Practical,prac
Practically,prac
practice,prac
practiced,prac
Precision Guided Munition,PGM
Preliminary,prelim
Preparatory Bombardment,PB
Prepare,prep
Prepared,prep
Preparation,prep
Preparatory,prep
Pre-Induction Training,PIT
President’s Bodyguard,PBG
Priority,pri
Prisoner of War,PW
Private,pte
Privilege Leave,P/L
Pro Active Operations,PAO
Pakistan Army Order,PAO
Programme,Programmer
Programmed,Programmer
Programming,Programmer
progm,Programmer
Project,proj
Projected,proj
Projectile,proj
Projector,proj
Promote,prom
Promoted,prom
Promotion,prom
Provision,provn
Provost,pro
Psychological Warfare,psy W
Public,pub
Publication,pub
Publicity,pub
Publish,pub
Published,pub
Public Relations Officer,PRO
Public Relations,PR
Publish,pub
Published,pub
Public,pub
Publication,pub
Publicity,pub
Pull Up Point,PUP
Pick Up Point,PUP
Punjab Regiment’s battalion,Punjab
e.g. 6 Punjab,Punjab
Put Up,PU
Put Up with Reference,PUR
Put Up with References,PUR
Qualification,qual
Qualified,qual
Quality,qual
Qualified Flying Instructor,QFI
Quantity,qty
Quarter,qtr
Quartering,qtg
Quarterly,qtly
Quartermaster General,Q
Quartering,Qtg
Quick Impact Project,QIP
Quid Pro Quo,QPQ
Quick Reaction Course,QRC
Quick Reaction Force,QRF
Quick Reaction Team,QRT
Quick Reconnaissance,QR
Quotation marks (in messages only),QUOTE UNQUOTE
Radar Controlled Gun,RCG
Radar/Radio Countermeasures,RCM
Radioactive,rad A
Radio Direction Finder,RDF
Radio Frequency,RF
Radiological Warfare,RW
Rivine Warfare,RW
Rotary Wing,RW
Radio Relay,RR
Ration Return,RR
Recoilless,RR
Rifle,Radio Telephony; Recruit Test
RT,Rads Per Hour
r/hr,Railhead
rl H,Railway
rly,Railway Station
RS,Range; Ranging
rg,Range Efficiency Test
RET,Rate of Advance
ROA,Rate of Fire
ROF,Ration
rat,Ration Allowance
RA,Ration Return; Radio Relay; Recoilless Rifle
RR,Rear Airfield Supply Organization
RASO,Receipt Voucher; Rendezvous
RV,Recoilless Rifle; Radio Relay; Ration
RR,Return
Recommendation,recom
Reconnaissance,recce
Reconnoitre,recce
Reconnoitred,recce
Recover,rec
Recovered,rec
Recovery,rec
Recruit,rect
Recruitment,rect
Recruiting,rect
Recruit Test,RT
Radio Telephony,RT
Refer, (red), (ence),ref
Refer, (red), (ence),s,ref
Refilling Point,RP
Regimental Police,RP
Regiment,regt
Regimental,regt
Regimental Aid Post,RAP
Regimental Centre,RC
Regimental Command Post,RCP
Regimental Headquarters,RHQ
Regimental Police,RP
Refilling Point,RP
Regional Air Command,RAC
Registered,regd
Registration,regn
Regular,reg
Regulate,reg
Regulated,reg
Regulation,reg
Reinforcement,rft
Reinforce,rft
Relative Height,RH
Rest House,RH
Release,rel
Released,rel
Relieve,rel
Relieved,rel
Release Point,rel P
Relieve,rel
Relieved,rel
Release,rel
Released,rel
Relinquished,relq
Remount,RV&FC
Rendezvous,RV
Receipt Voucher,RV
Reorganise,reorg
Reorganised,reorg
Reorganisation,reorg
Repeated,rptd
Replenishment,rpl
Replenish,rpl
Represent,rep
Represented,rep
Representative,rep
Require,req
Required,req
Requirement,req
Requisition,rqn
Research and Development,R&D
Reserve,res
Reserve,s,res
Reserve Supply Depot,RSD
Responsible,resp
Responsibility,resp
Rest House,RH
Relative Height,RH
Restricted,restd
Retired,retd
Return,RTU
Returned,RTU
Returned Stores Sub Depot,RSSD
Reversion,rvt
Revert,rvt
Reverted,rvt
Rifleman,rfn
Riflemen,rfn
Right,rt
Rigorous Imprisonment,RI
River,R
Riverine,R
Riviera (only used in conjunction with a name),R
Riverine Warfare,RW
Radiological Warfare,RW
Rotary Wing,RW
Road,rd
Round,rd
Road Opening Day,ROD
Road Head,rd H
Rocket,rkt
Rocket Launcher,RL
Rocket/Remotely Delivered Mine System,RDMS
Rotary Wing,RW
Radiological Warfare,RW
Riverine Warfare,RW
Round,rd
Road,rd
Rounds per gun (per minute),rpg (pm)
Rounds per mortar (per minute),rpmor (pm)
Routine Order,RO
Salvage,sal
Salvaged,sal
Save our Souls,SOS
Struck off Strength,SOS
Schedule,sch
School of Armour and Mechanised Warfare,SA&MW
School of Army Air Defence,SAAD
School of Artillery,S of A
School of Infantry and Tactics,SI&T
School of Military Intelligence,SMI
Search and Rescue,SAR
Second,sec
Section,sec
Sector,sec
Secondary,sdry
Section,sec
Second,sec
Sector,sec
Sector Operations Centre,SOC
Secretary,secy
Secretariat,sect
Sector,sec
Second,sec
Section,sec
Security Zone,SZ
Select,sel
Selected,sel
Selection,sel
Selection Board,SB
Self-Propelled,SP
Start Point,SP
Senior,snr
Sequence,seq
Sequential,seq
(ly),seq
Serial,ser
Seriously Ill List,SIL
Service,svc
Serviced,svc
Serviceable,svc
Service Dress,SD
Staff Duties,SD
Shelling Report,shelrep
Short-Range Air Defence System,SHORADS
Sick in Quarters,SIQ
Signal,sig
Signaler,sig
Signalman,sig
Signalmen,sig
Signal Centre,sigcen
Signal Despatch Service,SDS
Signal Intelligence Report,SINREP
Signal Training Centre,STC
Signals,sigs
Simulator,sml
Sind Regiment’s Battalion,Sind
Situation,sit
Situation Map,sitmap
Situation Report,sitrep
Small Arms,SA
Small Arms Ammunition,SAA
Smoke,smk
Soldier,sldr
Solution,soln
Southern Command,SC
Speak,spk
Special,spec
Specialist,spec
Special Despatch Rider,SDR
Special Investigation Branch,SIB
Standard Infantry Battalion,SIB
Special Pakistan Army Order,SPAO
Special Service Group,SSG
Squadron,sqn
Square,sq
Staff Duties,SD
Service Dress,SD
Standard,std
Standardise,std
Standardised,std
Standard Distribution List,SDL
Standard Infantry Battalion,SIB
Special Investigation Branch,SIB
Standing Operating Procedure,SOP
Standing Orders for War,SOW
Standing Signal Instructions,SSI
Start Line,SL
Start Point,SP
Self-Propelled,SP
Start Time,ST
Station,sta
Stationed,sta
Stationary,sta
Stationery,sty
Station Supply Depot,SSD
Statistics,stat
Statistical,stat
Stores Distribution Depot,SDD
Strategic,strat
Strategical,strat
Strategy,strat
Strategic Forces North,SFN
Strategic Forces South,SFS
Strategic Missile Group,SMG
Strategic Plans Division,SPD
Strategical Reconnaissance,strat R
Strategic Reserves,SR
Street,st
Strength,str
Strengthen,str
Strengthened,str
strong,str
Striking Force,SF
Struck off Duty,SOD
Struck off Ration Strength,SORS
Struck off Strength,SOS
Save our Souls,SOS
Sub-Machine Gun,SMG
Subject,subj
Subscription,subs
Substantive,subs
Summary Court Martial,SCM
Summary General Court Martial,SGCM
Summary of Evidence,S of E
Summer Collective Training,SCT
Super High Frequency,SHF
Superintendent,supdt
Supplementary Intelligence Report,supintrep
Supplied,sup
Supply,sup
Supply and Transport,S&T
Supply Point,sup P
Supply Replenishment Point,SRP
Support,sp
Supported,sp
Supporting,sp
Suppression of Enemy Air Defence,SEAD
Surface to Air Guided Weapons,SAGW
Surface to Air Missile,SAM
Surface to Surface Guided Weapons,SSGW
Surface to Surface Missile,SSM
Surface to Underwater Missile,SUM
Surgeon,surg
Surgery,surg
Surgical,surg
Surplus,sur
Surveillance,surv
Surveillance and Target Acquisition,SATA
Surveillance,SCR
Survey,svy
Switchboard,swbd
Synchronise,sync
synchronization,sync
Syndicate,syn
System,sys
Table of Organisation and Equipment,TO&E
Tactical,tac
Tactics,tac
Tactical Air Force,TAF
Tactical Air Support Centre,TASC
Tactical Control Radar,TCR
Tactical Exercise Without Troops,TEWT
Tactical Reconnaissance,tac R
Taken on Strength,TOS
Tank,tk
Target,tgt
Target Director Post,TDP
Task Force,TF
Technical,tech
(ly),Technician,tech
Technique,tech
Technology,tech
Technical Manual,TM
Tehsil,teh
Telecommunication,telcomm
Telegram,tg
Telegraph,tg
Telegraphic,tg
Telephone,tel
Telephone Conversation,telcon
Temperature,temp
Temporary,temp
Temporary Duty,TD
Tutorial Discussion,TD
Tentacle,tcl
Terminal Equipment Vehicle,TEV
Terrorist,T
That is,i.e.
Theatre Force Reserve,TFR
Time of Despatch,TOD
Time of Flight,TOF
Time of Receipt,TOR
Time of Origin,T of O
Time on Target (artillery),TOT
Time Over Target (air),TOT
Time Past a Point,TPP
Top Secret,topsec
Topographic,topo
Topographical,topo
Topography,topo
Toxic Incident Report,toxrep
Track,tr
Tracked,tr
Tradesman,tdn
Tradesmen,tdn
Traffic,tfc
Trafficability,tfc
Traffic Control,TC
Traffic Post,TP
Trailer,tlr
Training,trg
Transfer,tfr
Transfered,tfr
Transmission,tx
Transmit,tx
Transmitter,tx
Transmitted,tx
Transmitting,tx
Transport,tpt
Transported,tpt
Transportation,tn
Transporter,tptr
Treasury Receipt,TR
Troop,tp
Troops Carrying Vehicle,TCV
Truck,trk
Tutorial Discussion,TD
Temporary Duty,TD
Ultra High Frequency,UHF
Un Armed Combat,UAC
Unclassified,unclas
Under Command,UC
Under Consideration,UC
Under Carriage,UC
Under Reference,u/r
Underground,UG
Under mentioned,u/m
Unexploded Bomb,UXB
Unit Accountant,UA
Unit Repair Organization,URO
Unit Security Officer,USO
Unmanned Aerial Vehicle,UAV
Unpaid,UP
Vacancy,vac
Vanguard,V gd
Variable Time,VT
Vehicle,veh
Vehicle Kit List,VKL
Vehicle Marshalling Area,VMA
Vehicle Mechanic,VM
Vehicles per kilometre,vpkm
Vehicle Safe Lane,VSL
Vehicle Sub Depot,VSD
Vehicle Waiting Area,VWA
Velocity,vel
Venereal Disease,VD
Verbal Order,VO
Very High Frequency,VHF
Very Important Person,VIP
Very Very Important Person,VVIP
Veterinary,vet
Village,vill
Visibility,vis
Visible,vis
Visual,vis
Visualisation,vis
Visual Reconnaissance,VR
Vital Ground,VG
Volume,vol
Voluminous,vol
Vulnerable,vuln
Vulnerability,vuln
Vulnerable Area,VA
Vulnerable Point,VP
Wagon Line,WL
Warning,wng
War Wastage Rate,WWR
Warning Order,wng O
Watermanship Training,WMT
Water Point,WP
Water Proof,wpf
Water Tank,w/tk
Water Trailer,w/tlr
Weapon Training,WT
Wireless Telegraphy,WT
Weapons,wpn
Weight,wt
Welfare,wel
Well Above Average,WAA
Wheel,wh
Wheeled,wh
Wide Area Network,WAN
Winning Hearts and Minds,WHAM
Winter Collective Training,WCT
Wireless,wrls
Wireless Set,WS
Wireless Telegraphy,WT
Weapon Training,WT
With effect from,wef
With reference to,wrt
Withdraw,wdr
Withdrawn,wdr
Withdrawal,wdr
Workshop,wksp
Wounded in Action,WIA
Yard,yd
Year,yr
Yearly,yr
Young Officer,YO
Zone,Z
